<?xml version="1.0" encoding="UTF-8"?>
<project-private xmlns="http://www.netbeans.org/ns/project-private/1">
    <editor-bookmarks xmlns="http://www.netbeans.org/ns/editor-bookmarks/2" lastBookmarkId="0"/>
    <open-files xmlns="http://www.netbeans.org/ns/projectui-open-files/2">
        <group>
            <file>file:/Users/David/NetBeansProjects/ExamHelper/src/examhelper/QuesOrFileController.java</file>
            <file>file:/Users/David/NetBeansProjects/ExamHelper/src/examhelper/ScreensFramework.java</file>
            <file>file:/Users/David/NetBeansProjects/ExamHelper/src/examhelper/QuesInput.fxml</file>
            <file>file:/Users/David/NetBeansProjects/ExamHelper/src/examhelper/QuesInputController.java</file>
        </group>
    </open-files>
</project-private>
